Genome ID,Genome Name,Species,Completion Date,GenBank Accession,collection_date,country,Geographic Group,Host Name,Host Common Name,length,lineage,variant,date_2weeks
37124.1092,Chikungunya virus CHIKV/Hu/Angola/NIID54/2016,Chikungunya virus,2017-12-22T00:00:00Z,LC259094,2016-05-11,Angola,Africa,Homo sapiens,Human,11825,East-Central-South-African,ECSA,2016-05-11
37124.1114,Chikungunya virus S5_SDG,Chikungunya virus,2019-02-05T00:00:00Z,LC461588,2018-08-15,Sudan,Africa,Homo sapiens,Human,184,East-Central-South-African,ECSA,2018-08-15
37124.1118,Chikungunya virus 15_SDG,Chikungunya virus,2019-02-05T00:00:00Z,LC461589,2018-08-15,Sudan,Africa,Homo sapiens,Human,184,East-Central-South-African,ECSA,2018-08-15
37124.1121,Chikungunya virus 16_SDG,Chikungunya virus,2019-02-05T00:00:00Z,LC461590,2018-08-17,Sudan,Africa,Homo sapiens,Human,184,East-Central-South-African,ECSA,2018-08-17
37124.1124,Chikungunya virus 19_SDG,Chikungunya virus,2019-02-05T00:00:00Z,LC461591,2018-08-17,Sudan,Africa,Homo sapiens,Human,184,East-Central-South-African,ECSA,2018-08-17
37124.1125,Chikungunya virus 75_SDG,Chikungunya virus,2019-02-05T00:00:00Z,LC461592,2018-08-19,Sudan,Africa,Homo sapiens,Human,184,East-Central-South-African,ECSA,2018-08-19
37124.1129,Chikungunya virus 130_SDG,Chikungunya virus,2019-02-05T00:00:00Z,LC461593,2018-08-19,Sudan,Africa,Homo sapiens,Human,184,East-Central-South-African,ECSA,2018-08-19
37124.1137,Chikungunya virus 160_SDG,Chikungunya virus,2019-02-05T00:00:00Z,LC461594,2018-08-21,Sudan,Africa,Homo sapiens,Human,184,East-Central-South-African,ECSA,2018-08-21
37124.1138,Chikungunya virus 190_SDG,Chikungunya virus,2019-02-05T00:00:00Z,LC461595,2018-08-21,Sudan,Africa,Homo sapiens,Human,184,East-Central-South-African,ECSA,2018-08-21
37124.1145,Chikungunya virus 9_SDG,Chikungunya virus,2019-02-05T00:00:00Z,LC461596,2018-08-23,Sudan,Africa,Homo sapiens,Human,184,East-Central-South-African,ECSA,2018-08-23
37124.1149,Chikungunya virus J_SDG,Chikungunya virus,2019-02-05T00:00:00Z,LC461597,2018-08-23,Sudan,Africa,Homo sapiens,Human,184,East-Central-South-African,ECSA,2018-08-23
37124.1406,Chikungunya virus 05-115,Chikungunya virus,2006-05-24T00:00:00Z,AM258990,,Reunion,Africa,,,11601,East-Central-South-African,ECSA,
37124.1412,Chikungunya virus 05-209,Chikungunya virus,2006-06-04T00:00:00Z,AM258991,,Seychelles,Africa,,,11601,East-Central-South-African,ECSA,
37124.1416,Chikungunya virus 06-021,Chikungunya virus,2006-06-04T00:00:00Z,AM258992,,Reunion,Africa,,,11601,East-Central-South-African,ECSA,
37124.1423,Chikungunya virus 06-027,Chikungunya virus,2006-06-04T00:00:00Z,AM258993,,Reunion,Africa,,,11598,East-Central-South-African,ECSA,
37124.1429,Chikungunya virus 06-049,Chikungunya virus,2006-06-04T00:00:00Z,AM258994,,Reunion,Africa,,,11601,East-Central-South-African,ECSA,
37124.1433,Chikungunya virus 05-061,Chikungunya virus,2006-06-04T00:00:00Z,AM258995,,Reunion,Africa,,,11601,East-Central-South-African,ECSA,
37124.1728,Chikungunya virus UVE/CHIKV/Djibouti/2019/CNR53532,Chikungunya virus,2020-11-30T00:00:00Z,MT023791,2019-12-15,Djibouti,Africa,C6/36,Lab host,11253,East-Central-South-African,ECSA,2019-12-15
37124.1807,Chikungunya virus chik DRC007,Chikungunya virus,2016-07-26T00:00:00Z,AY549575,,Democratic Republic of the Congo,Africa,Homo sapiens,Human,1125,East-Central-South-African,ECSA,
37124.1812,Chikungunya virus chik DRC010,Chikungunya virus,2016-07-26T00:00:00Z,AY549576,,Democratic Republic of the Congo,Africa,Homo sapiens,Human,1125,East-Central-South-African,ECSA,
37124.1814,Chikungunya virus chik DRC027,Chikungunya virus,2016-07-26T00:00:00Z,AY549577,,Democratic Republic of the Congo,Africa,Homo sapiens,Human,1125,East-Central-South-African,ECSA,
37124.1819,Chikungunya virus chik DRC1718,Chikungunya virus,2016-07-26T00:00:00Z,AY549578,,Democratic Republic of the Congo,Africa,Homo sapiens,Human,1125,East-Central-South-African,ECSA,
37124.1822,Chikungunya virus chik DRC1719,Chikungunya virus,2016-07-26T00:00:00Z,AY549579,,Democratic Republic of the Congo,Africa,Homo sapiens,Human,1124,East-Central-South-African,ECSA,
37124.1825,Chikungunya virus chik DRC1720,Chikungunya virus,2016-07-26T00:00:00Z,AY549580,,Democratic Republic of the Congo,Africa,Homo sapiens,Human,1125,East-Central-South-African,ECSA,
37124.1829,Chikungunya virus chik DRC1725,Chikungunya virus,2016-07-26T00:00:00Z,AY549581,,Democratic Republic of the Congo,Africa,Homo sapiens,Human,1125,East-Central-South-African,ECSA,
37124.1831,Chikungunya virus chik DRC1728,Chikungunya virus,2016-07-26T00:00:00Z,AY549582,,Democratic Republic of the Congo,Africa,Homo sapiens,Human,1125,East-Central-South-African,ECSA,
37124.1835,Chikungunya virus chik RCA,Chikungunya virus,2016-07-26T00:00:00Z,AY549583,,Democratic Republic of the Congo,Africa,Homo sapiens,Human,1125,East-Central-South-African,ECSA,
37124.184,Chikungunya virus chik DRC1730,Chikungunya virus,2016-07-26T00:00:00Z,AY549584,,Democratic Republic of the Congo,Africa,Homo sapiens,Human,1125,East-Central-South-African,ECSA,
37124.1862,Chikungunya virus 37997,Chikungunya virus,2005-06-07T00:00:00Z,AY726732,,Senegal,Africa,Aedes furcifer,Mosquito,11881,West African,WA,
37124.1863,Chikungunya virus MADOPY1,Chikungunya virus,2015-01-13T00:00:00Z,KP003808,2006-01-01,Madagascar,Africa,Homo sapiens,Human,11562,East-Central-South-African,ECSA,2006-01-01
37124.187,Chikungunya virus GABOPY1,Chikungunya virus,2015-01-13T00:00:00Z,KP003812,2007-01-01,Gabon,Africa,Homo sapiens,Human,11561,East-Central-South-African,ECSA,2007-01-01
37124.1874,Chikungunya virus BRAZZA_MRS1,Chikungunya virus,2017-08-11T00:00:00Z,KP003813,2011-01-01,Republic of the Congo,,Homo sapiens,Human,11268,East-Central-South-African,ECSA,2011-01-01
37124.2006,Chikungunya virus Com5,Chikungunya virus,2015-12-08T00:00:00Z,KP702297,2005-01-01,Comoros,Africa,Homo sapiens,Human,11171,East-Central-South-African,ECSA,2005-01-01
37124.2151,Chikungunya virus 013_02_18,Chikungunya virus,2020-11-17T00:00:00Z,MT380146,2018-02-01,Kenya,Africa,Homo sapiens,Human,10616,East-Central-South-African,ECSA,2018-02-01
37124.2154,Chikungunya virus 027_02_18,Chikungunya virus,2020-11-17T00:00:00Z,MT380147,2018-02-01,Kenya,Africa,Homo sapiens,Human,10602,East-Central-South-African,ECSA,2018-02-01
37124.2157,Chikungunya virus 226_01_18,Chikungunya virus,2020-11-17T00:00:00Z,MT380148,2018-01-01,Kenya,Africa,Homo sapiens,Human,10637,East-Central-South-African,ECSA,2018-01-01
37124.2159,Chikungunya virus 225_01_18,Chikungunya virus,2020-11-17T00:00:00Z,MT380149,2018-01-01,Kenya,Africa,Homo sapiens,Human,10579,East-Central-South-African,ECSA,2018-01-01
37124.2161,Chikungunya virus 322_01_18,Chikungunya virus,2020-11-17T00:00:00Z,MT380150,2018-01-01,Kenya,Africa,Homo sapiens,Human,10632,East-Central-South-African,ECSA,2018-01-01
37124.2163,Chikungunya virus 215_01_18,Chikungunya virus,2020-11-17T00:00:00Z,MT380151,2018-01-01,Kenya,Africa,Homo sapiens,Human,10624,East-Central-South-African,ECSA,2018-01-01
37124.2166,Chikungunya virus 285_01_18,Chikungunya virus,2020-11-17T00:00:00Z,MT380152,2018-01-01,Kenya,Africa,Homo sapiens,Human,10592,East-Central-South-African,ECSA,2018-01-01
37124.2169,Chikungunya virus 272_01_18,Chikungunya virus,2020-11-17T00:00:00Z,MT380153,2018-01-01,Kenya,Africa,Homo sapiens,Human,10618,East-Central-South-African,ECSA,2018-01-01
37124.2172,Chikungunya virus 064_04_18,Chikungunya virus,2020-11-17T00:00:00Z,MT380154,2018-04-01,Kenya,Africa,Homo sapiens,Human,10630,East-Central-South-African,ECSA,2018-04-01
37124.2176,Chikungunya virus 065_04_18,Chikungunya virus,2020-11-17T00:00:00Z,MT380155,2018-04-01,Kenya,Africa,Homo sapiens,Human,10588,East-Central-South-African,ECSA,2018-04-01
37124.218,Chikungunya virus 083_04_18,Chikungunya virus,2020-11-17T00:00:00Z,MT380156,2018-04-01,Kenya,Africa,Homo sapiens,Human,10575,East-Central-South-African,ECSA,2018-04-01
37124.2184,Chikungunya virus 012_05_18,Chikungunya virus,2020-11-17T00:00:00Z,MT380157,2018-05-01,Kenya,Africa,Homo sapiens,Human,10547,East-Central-South-African,ECSA,2018-05-01
37124.2189,Chikungunya virus 014_05_18,Chikungunya virus,2020-11-17T00:00:00Z,MT380158,2018-05-01,Kenya,Africa,Homo sapiens,Human,10554,East-Central-South-African,ECSA,2018-05-01
37124.2194,Chikungunya virus 022_05_18,Chikungunya virus,2020-11-17T00:00:00Z,MT380159,2018-05-01,Kenya,Africa,Homo sapiens,Human,10574,East-Central-South-African,ECSA,2018-05-01
37124.2198,Chikungunya virus 091_04_18,Chikungunya virus,2020-11-17T00:00:00Z,MT380160,2018-04-01,Kenya,Africa,Homo sapiens,Human,10659,East-Central-South-African,ECSA,2018-04-01
37124.2202,Chikungunya virus 232_12_17,Chikungunya virus,2020-11-17T00:00:00Z,MT380161,2017-12-01,Kenya,Africa,Homo sapiens,Human,11514,East-Central-South-African,ECSA,2017-12-01
37124.2205,Chikungunya virus 062_04_18,Chikungunya virus,2020-11-17T00:00:00Z,MT380162,2018-04-01,Kenya,Africa,Homo sapiens,Human,10564,East-Central-South-African,ECSA,2018-04-01
37124.2208,Chikungunya virus MSA_057,Chikungunya virus,2020-06-30T00:00:00Z,MT526796,2018-01-15,Kenya,Africa,Homo sapiens,Human,10725,East-Central-South-African,ECSA,2018-01-15
37124.2212,Chikungunya virus KLF_148987,Chikungunya virus,2020-06-30T00:00:00Z,MT526797,2018-05-15,Kenya,Africa,Homo sapiens,Human,11343,East-Central-South-African,ECSA,2018-05-15
37124.2215,Chikungunya virus KLF_84807,Chikungunya virus,2020-06-30T00:00:00Z,MT526798,2018-01-12,Kenya,Africa,Homo sapiens,Human,11802,East-Central-South-African,ECSA,2018-01-12
37124.2219,Chikungunya virus KLF_84717,Chikungunya virus,2020-06-30T00:00:00Z,MT526799,2018-01-03,Kenya,Africa,Homo sapiens,Human,11788,East-Central-South-African,ECSA,2018-01-03
37124.2224,Chikungunya virus KLF_84548,Chikungunya virus,2020-06-30T00:00:00Z,MT526800,2017-12-13,Kenya,Africa,Homo sapiens,Human,11831,East-Central-South-African,ECSA,2017-12-13
37124.2227,Chikungunya virus KLF_75443,Chikungunya virus,2020-06-30T00:00:00Z,MT526801,2015-09-02,Kenya,Africa,Homo sapiens,Human,11792,East-Central-South-African,ECSA,2015-09-02
37124.2231,Chikungunya virus KLF_69219,Chikungunya virus,2020-06-30T00:00:00Z,MT526802,2014-08-20,Kenya,Africa,Homo sapiens,Human,11789,East-Central-South-African,ECSA,2014-08-20
37124.2235,Chikungunya virus KLF_67114,Chikungunya virus,2020-06-30T00:00:00Z,MT526803,2014-05-23,Kenya,Africa,Homo sapiens,Human,11788,East-Central-South-African,ECSA,2014-05-23
37124.2239,Chikungunya virus KLF_5514,Chikungunya virus,2020-06-30T00:00:00Z,MT526804,2017-12-05,Kenya,Africa,Homo sapiens,Human,11787,East-Central-South-African,ECSA,2017-12-05
37124.2243,Chikungunya virus KLF_5188,Chikungunya virus,2020-06-30T00:00:00Z,MT526805,2017-07-19,Kenya,Africa,Homo sapiens,Human,11785,East-Central-South-African,ECSA,2017-07-19
37124.2247,Chikungunya virus KLF_4908,Chikungunya virus,2020-06-30T00:00:00Z,MT526806,2017-04-03,Kenya,Africa,Homo sapiens,Human,11790,East-Central-South-African,ECSA,2017-04-03
37124.2251,Chikungunya virus KLF_3200,Chikungunya virus,2020-06-30T00:00:00Z,MT526807,2016-01-26,Kenya,Africa,Homo sapiens,Human,11797,East-Central-South-African,ECSA,2016-01-26
37124.2361,Chikungunya virus DRC_2019_MNFI024_HU,Chikungunya virus,2020-08-24T00:00:00Z,MT636907,2019-01-07,Democratic Republic of the Congo,Africa,Homo sapiens,Human,11531,East-Central-South-African,ECSA,2019-01-07
37124.2366,Chikungunya virus DRC_2019_MNFI040_HU,Chikungunya virus,2020-08-24T00:00:00Z,MT636908,2019-01-07,Democratic Republic of the Congo,Africa,Homo sapiens,Human,11531,East-Central-South-African,ECSA,2019-01-07
37124.2371,Chikungunya virus DRC_2019_MNFI114_HU,Chikungunya virus,2020-08-24T00:00:00Z,MT636909,2019-01-21,Democratic Republic of the Congo,Africa,Homo sapiens,Human,11531,East-Central-South-African,ECSA,2019-01-21
37124.2376,Chikungunya virus DRC_2019_MNFII180_HU,Chikungunya virus,2020-08-24T00:00:00Z,MT636910,2019-01-21,Democratic Republic of the Congo,Africa,Homo sapiens,Human,11531,East-Central-South-African,ECSA,2019-01-21
37124.2381,Chikungunya virus DRC_2019_MNFII188_HU,Chikungunya virus,2020-08-24T00:00:00Z,MT636911,2019-01-21,Democratic Republic of the Congo,Africa,Homo sapiens,Human,11531,East-Central-South-African,ECSA,2019-01-21
37124.2386,Chikungunya virus DRC_2019_MAS236_HU,Chikungunya virus,2020-08-24T00:00:00Z,MT636912,2019-02-01,Democratic Republic of the Congo,Africa,Homo sapiens,Human,11531,East-Central-South-African,ECSA,2019-02-01
37124.2391,Chikungunya virus DRC_2019_MAS325_HU,Chikungunya virus,2020-08-24T00:00:00Z,MT636913,2019-02-06,Democratic Republic of the Congo,Africa,Homo sapiens,Human,11531,East-Central-South-African,ECSA,2019-02-06
37124.2395,Chikungunya virus DRC_2019_KAS002_AALBM,Chikungunya virus,2020-08-24T00:00:00Z,MT636914,2019-03-26,Democratic Republic of the Congo,Africa,Aedes albopictus,Asian tiger mosquito,11531,East-Central-South-African,ECSA,2019-03-26
37124.2399,Chikungunya virus DRC_2019_KAS003_AALBF,Chikungunya virus,2020-08-24T00:00:00Z,MT636915,2019-03-26,Democratic Republic of the Congo,Africa,Aedes albopictus,Asian tiger mosquito,10428,East-Central-South-African,ECSA,2019-03-26
37124.2402,Chikungunya virus DRC_2019_KAS004_AALBF,Chikungunya virus,2020-08-24T00:00:00Z,MT636916,2019-03-26,Democratic Republic of the Congo,Africa,Aedes albopictus,Asian tiger mosquito,11531,East-Central-South-African,ECSA,2019-03-26
37124.2411,Chikungunya virus DRC_2019_MAT010_AALBF,Chikungunya virus,2020-08-24T00:00:00Z,MT636917,2019-03-21,Democratic Republic of the Congo,Africa,Aedes albopictus,Asian tiger mosquito,11531,East-Central-South-African,ECSA,2019-03-21
37124.2413,Chikungunya virus DRC_2019_MNF029_AAEG,Chikungunya virus,2020-08-24T00:00:00Z,MT636918,2019-02-01,Democratic Republic of the Congo,Africa,Aedes aegypti,Yellow fever mosquito,11531,East-Central-South-African,ECSA,2019-02-01
37124.2417,Chikungunya virus DRC_2019_MAT001_AALB,Chikungunya virus,2020-08-24T00:00:00Z,MT636919,2019-03-20,Democratic Republic of the Congo,Africa,Aedes albopictus,Asian tiger mosquito,11531,East-Central-South-African,ECSA,2019-03-20
37124.2427,Chikungunya virus DRC_2019_MAT009_AALBF,Chikungunya virus,2020-08-24T00:00:00Z,MT636921,2019-03-21,Democratic Republic of the Congo,Africa,Aedes albopictus,Asian tiger mosquito,11531,East-Central-South-African,ECSA,2019-03-21
37124.2633,Chikungunya virus ECSA,Chikungunya virus,2018-01-29T00:00:00Z,MF696157,2006-03-31,Reunion,Africa,,,1386,East-Central-South-African,ECSA,2006-03-31
37124.2646,Chikungunya virus Reunion 223/05,Chikungunya virus,2016-07-26T00:00:00Z,DQ309336,2005-01-01,Reunion,Africa,,,890,East-Central-South-African,ECSA,2005-01-01
37124.2672,Chikungunya virus LR2006_OPY1,Chikungunya virus,2006-10-24T00:00:00Z,DQ443544,,Reunion,Africa,Homo sapiens,Human,11840,East-Central-South-African,ECSA,
37124.2674,Chikungunya virus LR2006-OPY3,Chikungunya virus,2016-07-26T00:00:00Z,DQ451149,,Reunion,Africa,,,1044,East-Central-South-African,ECSA,
37124.2682,Chikungunya virus LR2006-OPY2,Chikungunya virus,2016-07-26T00:00:00Z,DQ451151,,Reunion,Africa,,,1044,East-Central-South-African,ECSA,
37124.3011,Chikungunya virus BNI-CHIKV_899,Chikungunya virus,2009-09-27T00:00:00Z,FJ959103,2006-01-01,Mauritius,Africa,Homo sapiens,Lab host,11832,East-Central-South-African,ECSA,2006-01-01
37124.3035,Chikungunya virus EG07,Chikungunya virus,2016-07-26T00:00:00Z,DQ515985,,Equatorial Guinea,Africa,Homo sapiens,Human,147,Could not assign,Unassigned,
37124.3042,Chikungunya virus EG01,Chikungunya virus,2016-07-26T00:00:00Z,DQ515986,,Equatorial Guinea,Africa,Homo sapiens,Human,147,Could not assign,Unassigned,
37124.3045,Chikungunya virus EG02,Chikungunya virus,2016-07-26T00:00:00Z,DQ515987,,Equatorial Guinea,Africa,Homo sapiens,Human,147,Could not assign,Unassigned,
37124.3049,Chikungunya virus EG03,Chikungunya virus,2016-07-26T00:00:00Z,DQ515988,,Equatorial Guinea,Africa,Homo sapiens,Human,147,Could not assign,Unassigned,
37124.3052,Chikungunya virus EG04,Chikungunya virus,2016-07-26T00:00:00Z,DQ515989,,Equatorial Guinea,Africa,Homo sapiens,Human,147,Could not assign,Unassigned,
37124.3056,Chikungunya virus EG05,Chikungunya virus,2016-07-26T00:00:00Z,DQ515990,,Equatorial Guinea,Africa,Homo sapiens,Human,147,Could not assign,Unassigned,
37124.3063,Chikungunya virus EG06,Chikungunya virus,2016-07-26T00:00:00Z,DQ515991,,Equatorial Guinea,Africa,Homo sapiens,Human,147,Could not assign,Unassigned,
37124.3304,Chikungunya virus LR2006_OPY1,Chikungunya virus,2015-09-16T00:00:00Z,KT449801,,Reunion,Africa,Homo sapiens,Human,11796,East-Central-South-African,ECSA,
37124.3311,Chikungunya virus D570/06,Chikungunya virus,2007-07-24T00:00:00Z,EF012359,,Mauritius,Africa,,,11806,East-Central-South-African,ECSA,
37124.3346,Chikungunya virus Chik Cam 7079,Chikungunya virus,2016-07-14T00:00:00Z,EF051584,2006-01-01,Cameroon,Africa,Homo sapiens,Human,1202,East-Central-South-African,ECSA,2006-01-01
37124.3399,Chikungunya virus 02-05-16,Chikungunya virus,2018-10-03T00:00:00Z,MG902894,2016-05-07,Kenya,Africa,Homo sapiens,Human,1159,East-Central-South-African,ECSA,2016-05-07
37124.3402,Chikungunya virus 04-05-16,Chikungunya virus,2018-10-03T00:00:00Z,MG902896,2016-05-07,Kenya,Africa,Homo sapiens,Human,1161,East-Central-South-African,ECSA,2016-05-07
37124.3403,Chikungunya virus 03-05-16,Chikungunya virus,2018-10-03T00:00:00Z,MG902895,2016-05-07,Kenya,Africa,Homo sapiens,Human,1159,East-Central-South-African,ECSA,2016-05-07
37124.3408,Chikungunya virus 05-05-16,Chikungunya virus,2018-10-03T00:00:00Z,MG902897,2016-05-07,Kenya,Africa,Homo sapiens,Human,1156,East-Central-South-African,ECSA,2016-05-07
37124.341,Chikungunya virus 06-05-16,Chikungunya virus,2018-10-03T00:00:00Z,MG902898,2016-05-07,Kenya,Africa,Homo sapiens,Human,1156,East-Central-South-African,ECSA,2016-05-07
37124.3412,Chikungunya virus 09-05-16,Chikungunya virus,2018-10-03T00:00:00Z,MG902899,2016-05-08,Kenya,Africa,Homo sapiens,Human,1159,East-Central-South-African,ECSA,2016-05-08
37124.3418,Chikungunya virus 12-05-16,Chikungunya virus,2018-10-03T00:00:00Z,MG902900,2016-05-17,Kenya,Africa,Homo sapiens,Human,1161,East-Central-South-African,ECSA,2016-05-17
37124.3421,Chikungunya virus 17-05-16,Chikungunya virus,2018-10-03T00:00:00Z,MG902901,2016-05-13,Kenya,Africa,Homo sapiens,Human,1151,East-Central-South-African,ECSA,2016-05-13
37124.3424,Chikungunya virus 19-05-16,Chikungunya virus,2018-10-03T00:00:00Z,MG902902,2016-05-17,Kenya,Africa,Homo sapiens,Human,1153,East-Central-South-African,ECSA,2016-05-17
37124.3428,Chikungunya virus 20-05-16,Chikungunya virus,2018-10-03T00:00:00Z,MG902903,2016-05-19,Kenya,Africa,Homo sapiens,Human,1158,East-Central-South-African,ECSA,2016-05-19
37124.3431,Chikungunya virus 21-05-16,Chikungunya virus,2018-10-03T00:00:00Z,MG902904,2016-05-24,Kenya,Africa,Homo sapiens,Human,1153,East-Central-South-African,ECSA,2016-05-24
37124.3433,Chikungunya virus 24-05-16,Chikungunya virus,2018-10-03T00:00:00Z,MG902905,2016-05-24,Kenya,Africa,Homo sapiens,Human,1156,East-Central-South-African,ECSA,2016-05-24
37124.3439,Chikungunya virus 28-05-16,Chikungunya virus,2018-10-03T00:00:00Z,MG902906,2016-05-31,Kenya,Africa,Homo sapiens,Human,1156,East-Central-South-African,ECSA,2016-05-31
37124.3442,Chikungunya virus 73-06-16,Chikungunya virus,2018-10-03T00:00:00Z,MG902907,2016-06-02,Kenya,Africa,Homo sapiens,Human,1161,East-Central-South-African,ECSA,2016-06-02
37124.3448,Chikungunya virus 74-06-16,Chikungunya virus,2018-10-03T00:00:00Z,MG902908,2016-06-02,Kenya,Africa,Homo sapiens,Human,1159,East-Central-South-African,ECSA,2016-06-02
37124.3451,Chikungunya virus 75-06-16,Chikungunya virus,2018-10-03T00:00:00Z,MG902909,2016-06-02,Kenya,Africa,Homo sapiens,Human,1159,East-Central-South-African,ECSA,2016-06-02
37124.3455,Chikungunya virus 76-06-16,Chikungunya virus,2018-10-03T00:00:00Z,MG902910,2016-06-02,Kenya,Africa,Homo sapiens,Human,1159,East-Central-South-African,ECSA,2016-06-02
37124.346,Chikungunya virus 90-06-16,Chikungunya virus,2018-10-03T00:00:00Z,MG902911,2016-06-07,Kenya,Africa,Homo sapiens,Human,1157,East-Central-South-African,ECSA,2016-06-07
37124.3493,Chikungunya virus D586/06,Chikungunya virus,2016-07-14T00:00:00Z,EF193853,2006-03-01,Mauritius,Africa,Homo sapiens,Human,570,East-Central-South-African,ECSA,2006-03-01
37124.3496,Chikungunya virus D933/06,Chikungunya virus,2016-07-14T00:00:00Z,EF193854,2006-04-01,Seychelles,Africa,Homo sapiens,Human,570,East-Central-South-African,ECSA,2006-04-01
37124.3501,Chikungunya virus D1355/06,Chikungunya virus,2016-07-14T00:00:00Z,EF193855,2006-05-01,Mauritius,Africa,Homo sapiens,Human,570,East-Central-South-African,ECSA,2006-05-01
37124.371,Chikungunya virus 06113879,Chikungunya virus,2018-12-01T00:00:00Z,MH229986,2006-01-01,Mauritius,Africa,,,11929,East-Central-South-African,ECSA,2006-01-01
37124.375,Chikungunya virus RC_Diosso_2019,Chikungunya virus,2019-05-26T00:00:00Z,MK690206,2019-01-01,Republic of the Congo,,Homo sapiens,Human,11532,East-Central-South-African,ECSA,2019-01-01
37124.3817,Chikungunya virus 8847,Chikungunya virus,2016-07-26T00:00:00Z,EF613342,2007-01-01,Gabon,Africa,Homo sapiens,Human,1101,East-Central-South-African,ECSA,2007-01-01
37124.3819,Chikungunya virus 8848,Chikungunya virus,2016-07-26T00:00:00Z,EF613343,2007-01-01,Gabon,Africa,Homo sapiens,Human,1100,East-Central-South-African,ECSA,2007-01-01
37124.3822,Chikungunya virus 8849,Chikungunya virus,2016-07-26T00:00:00Z,EF613344,2007-01-01,Gabon,Africa,Homo sapiens,Human,1129,East-Central-South-African,ECSA,2007-01-01
37124.3823,Chikungunya virus 027_16_S43,Chikungunya virus,2019-01-21T00:00:00Z,MH423797,2016-05-07,Kenya,Africa,Homo sapiens,Human,11562,East-Central-South-African,ECSA,2016-05-07
37124.3825,Chikungunya virus 031_16_S65,Chikungunya virus,2019-01-21T00:00:00Z,MH423798,2016-05-08,Kenya,Africa,Homo sapiens,Human,11513,East-Central-South-African,ECSA,2016-05-08
37124.3829,Chikungunya virus 057_16_S15,Chikungunya virus,2019-01-21T00:00:00Z,MH423799,2016-05-31,Kenya,Africa,Homo sapiens,Human,11535,East-Central-South-African,ECSA,2016-05-31
37124.3831,Chikungunya virus 058_16_S33,Chikungunya virus,2019-01-21T00:00:00Z,MH423800,2016-05-31,Kenya,Africa,Homo sapiens,Human,11472,East-Central-South-African,ECSA,2016-05-31
37124.3833,Chikungunya virus 063_16_S44,Chikungunya virus,2019-01-21T00:00:00Z,MH423801,2016-05-31,Kenya,Africa,Homo sapiens,Human,11528,East-Central-South-African,ECSA,2016-05-31
37124.3837,Chikungunya virus 068_16_S55,Chikungunya virus,2019-01-21T00:00:00Z,MH423802,2016-05-31,Kenya,Africa,Homo sapiens,Human,11572,East-Central-South-African,ECSA,2016-05-31
37124.3838,Chikungunya virus 086_16_S25,Chikungunya virus,2019-01-21T00:00:00Z,MH423803,2016-05-31,Kenya,Africa,Homo sapiens,Human,11547,East-Central-South-African,ECSA,2016-05-31
37124.3841,Chikungunya virus 087_16_S34,Chikungunya virus,2019-01-21T00:00:00Z,MH423804,2016-06-01,Kenya,Africa,Homo sapiens,Human,11530,East-Central-South-African,ECSA,2016-06-01
37124.3844,Chikungunya virus 100_16_S56,Chikungunya virus,2019-01-21T00:00:00Z,MH423805,2016-06-01,Kenya,Africa,Homo sapiens,Human,11515,East-Central-South-African,ECSA,2016-06-01
37124.3848,Chikungunya virus 106_16_S75,Chikungunya virus,2019-01-21T00:00:00Z,MH423806,2016-06-01,Kenya,Africa,Homo sapiens,Human,11443,East-Central-South-African,ECSA,2016-06-01
37124.3851,Chikungunya virus 028_16_S54,Chikungunya virus,2019-01-21T00:00:00Z,MH423807,2016-05-07,Kenya,Africa,Homo sapiens,Human,7052,East-Central-South-African,ECSA,2016-05-07
37124.3853,Chikungunya virus 032_16_S73,Chikungunya virus,2019-01-21T00:00:00Z,MH423808,2016-05-08,Kenya,Africa,Homo sapiens,Human,7104,East-Central-South-African,ECSA,2016-05-08
37124.3856,Chikungunya virus 069_16_S66,Chikungunya virus,2019-01-21T00:00:00Z,MH423809,2016-05-31,Kenya,Africa,Homo sapiens,Human,6762,East-Central-South-African,ECSA,2016-05-31
37124.3859,Chikungunya virus 082_16_S16,Chikungunya virus,2019-01-21T00:00:00Z,MH423810,2016-05-31,Kenya,Africa,Homo sapiens,Human,10718,East-Central-South-African,ECSA,2016-05-31
37124.3863,Chikungunya virus 070_16_S74,Chikungunya virus,2019-01-21T00:00:00Z,MH423811,2016-05-31,Kenya,Africa,Homo sapiens,Human,3661,East-Central-South-African,ECSA,2016-05-31
37124.393,Chikungunya virus RC_Diosso_2019_9,Chikungunya virus,2019-05-26T00:00:00Z,MK715489,2019-01-01,Republic of the Congo,,Homo sapiens,Human,678,East-Central-South-African,ECSA,2019-01-01
37124.398,Chikungunya virus RC_Diosso_2019_31,Chikungunya virus,2019-05-26T00:00:00Z,MK715490,2019-01-01,Republic of the Congo,,Homo sapiens,Human,678,East-Central-South-African,ECSA,2019-01-01
37124.4135,Chikungunya virus EG640,Chikungunya virus,2016-07-25T00:00:00Z,GQ387365,,Equatorial Guinea,Africa,Homo sapiens,Human,434,East-Central-South-African,ECSA,
37124.4139,Chikungunya virus EG641,Chikungunya virus,2016-07-25T00:00:00Z,GQ387366,,Equatorial Guinea,Africa,Homo sapiens,Human,434,East-Central-South-African,ECSA,
37124.4143,Chikungunya virus EG015,Chikungunya virus,2016-07-25T00:00:00Z,GQ387367,,Equatorial Guinea,Africa,Homo sapiens,Human,434,East-Central-South-African,ECSA,
37124.4147,Chikungunya virus 1088vi,Chikungunya virus,2016-07-25T00:00:00Z,GQ387368,,Equatorial Guinea,Africa,Homo sapiens,Human,434,East-Central-South-African,ECSA,
37124.4263,Chikungunya virus Madagascar 166/07,Chikungunya virus,2016-07-26T00:00:00Z,EU244646,2007-01-01,Madagascar,Africa,Homo sapiens,Human,923,East-Central-South-African,ECSA,2007-01-01
37124.4377,Chikungunya virus,Chikungunya virus,2016-07-26T00:00:00Z,EU403052,2007-07-01,Gabon,Africa,Aedes albopictus,Asian tiger mosquito,1253,East-Central-South-African,ECSA,2007-07-01
37124.438,Chikungunya virus 06113879,Chikungunya virus,2016-07-26T00:00:00Z,EU404186,,Mauritius,Africa,,,559,East-Central-South-African,ECSA,
37124.4631,Chikungunya virus PM200900,Chikungunya virus,2012-07-14T00:00:00Z,JQ943687,2009-01-01,Senegal,Africa,mosquito,Mosquito,1317,West African,WA,2009-01-01
37124.4636,Chikungunya virus PM203816,Chikungunya virus,2012-07-14T00:00:00Z,JQ943688,2009-01-01,Senegal,Africa,mosquito,Mosquito,1293,West African,WA,2009-01-01
37124.4639,Chikungunya virus PM201841,Chikungunya virus,2012-07-14T00:00:00Z,JQ943689,2009-01-01,Senegal,Africa,mosquito,Mosquito,1293,West African,WA,2009-01-01
37124.4641,Chikungunya virus PM201881,Chikungunya virus,2012-07-14T00:00:00Z,JQ943690,2009-01-01,Senegal,Africa,mosquito,Mosquito,1293,West African,WA,2009-01-01
37124.4645,Chikungunya virus PM201991,Chikungunya virus,2012-07-14T00:00:00Z,JQ943691,2009-01-01,Senegal,Africa,mosquito,Mosquito,1293,West African,WA,2009-01-01
37124.4648,Chikungunya virus PM201811,Chikungunya virus,2012-07-14T00:00:00Z,JQ943692,2009-01-01,Senegal,Africa,mosquito,Mosquito,1293,West African,WA,2009-01-01
37124.4651,Chikungunya virus PM201813,Chikungunya virus,2012-07-14T00:00:00Z,JQ943693,2009-01-01,Senegal,Africa,mosquito,Mosquito,1293,West African,WA,2009-01-01
37124.4653,Chikungunya virus PM201819,Chikungunya virus,2012-07-14T00:00:00Z,JQ943694,2009-01-01,Senegal,Africa,mosquito,Mosquito,1293,West African,WA,2009-01-01
37124.4656,Chikungunya virus PM201822,Chikungunya virus,2012-07-14T00:00:00Z,JQ943695,2009-01-01,Senegal,Africa,mosquito,Mosquito,1317,West African,WA,2009-01-01
37124.4659,Chikungunya virus PM203827,Chikungunya virus,2012-07-14T00:00:00Z,JQ943696,2009-01-01,Senegal,Africa,mosquito,Mosquito,1293,West African,WA,2009-01-01
37124.4666,Chikungunya virus PM200904,Chikungunya virus,2012-07-14T00:00:00Z,JQ943697,2009-01-01,Senegal,Africa,mosquito,Mosquito,1293,West African,WA,2009-01-01
37124.4668,Chikungunya virus ArD196168,Chikungunya virus,2012-07-14T00:00:00Z,JQ943698,2008-01-01,Senegal,Africa,,,1293,West African,WA,2008-01-01
37124.4674,Chikungunya virus PM202037,Chikungunya virus,2012-07-14T00:00:00Z,JQ943699,2009-01-01,Senegal,Africa,mosquito,Mosquito,1293,West African,WA,2009-01-01
37124.4677,Chikungunya virus PM202059,Chikungunya virus,2012-07-14T00:00:00Z,JQ943700,2009-01-01,Senegal,Africa,mosquito,Mosquito,1293,West African,WA,2009-01-01
37124.4679,Chikungunya virus PM202067,Chikungunya virus,2012-07-14T00:00:00Z,JQ943701,2009-01-01,Senegal,Africa,mosquito,Mosquito,1293,West African,WA,2009-01-01
37124.4681,Chikungunya virus BNI236,Chikungunya virus,2016-07-25T00:00:00Z,GU434101,2006-01-01,Seychelles,Africa,Homo sapiens,Human,1263,East-Central-South-African,ECSA,2006-01-01
37124.4683,Chikungunya virus PM203817,Chikungunya virus,2012-07-14T00:00:00Z,JQ943702,2009-01-01,Senegal,Africa,mosquito,Mosquito,1317,West African,WA,2009-01-01
37124.4684,Chikungunya virus PM201701,Chikungunya virus,2012-07-14T00:00:00Z,JQ943703,2009-01-01,Senegal,Africa,mosquito,Mosquito,1293,West African,WA,2009-01-01
37124.4685,Chikungunya virus BNI902,Chikungunya virus,2016-07-25T00:00:00Z,GU434102,2006-01-01,Mauritius,Africa,Homo sapiens,Human,1269,East-Central-South-African,ECSA,2006-01-01
37124.4687,Chikungunya virus PM201727,Chikungunya virus,2012-07-14T00:00:00Z,JQ943704,2009-01-01,Senegal,Africa,mosquito,Mosquito,1293,West African,WA,2009-01-01
37124.4689,Chikungunya virus BNI297,Chikungunya virus,2016-07-25T00:00:00Z,GU434103,2006-01-01,Seychelles,Africa,Homo sapiens,Human,1269,East-Central-South-African,ECSA,2006-01-01
37124.469,Chikungunya virus PM200828,Chikungunya virus,2012-07-14T00:00:00Z,JQ943705,2009-01-01,Senegal,Africa,mosquito,Mosquito,1293,West African,WA,2009-01-01
37124.4692,Chikungunya virus BNI967,Chikungunya virus,2016-07-25T00:00:00Z,GU434104,2006-01-01,Reunion,Africa,Homo sapiens,Human,1269,East-Central-South-African,ECSA,2006-01-01
37124.4694,Chikungunya virus BNI1074,Chikungunya virus,2016-07-25T00:00:00Z,GU434105,2006-01-01,Mauritius,Africa,Homo sapiens,Human,1269,East-Central-South-African,ECSA,2006-01-01
37124.4695,Chikungunya virus PM200905,Chikungunya virus,2012-07-14T00:00:00Z,JQ943706,2009-01-01,Senegal,Africa,mosquito,Mosquito,1293,West African,WA,2009-01-01
37124.4696,Chikungunya virus BNI1446,Chikungunya virus,2016-07-25T00:00:00Z,GU434106,2006-01-01,Mauritius,Africa,Homo sapiens,Human,1269,East-Central-South-African,ECSA,2006-01-01
37124.4697,Chikungunya virus PM200765,Chikungunya virus,2012-07-14T00:00:00Z,JQ943707,2009-01-01,Senegal,Africa,mosquito,Mosquito,1293,West African,WA,2009-01-01
37124.4701,Chikungunya virus PM200844,Chikungunya virus,2012-07-14T00:00:00Z,JQ943708,2009-01-01,Senegal,Africa,mosquito,Mosquito,1293,West African,WA,2009-01-01
37124.4703,Chikungunya virus PM200862,Chikungunya virus,2012-07-14T00:00:00Z,JQ943709,2009-01-01,Senegal,Africa,mosquito,Mosquito,1293,West African,WA,2009-01-01
37124.4705,Chikungunya virus BNI1162,Chikungunya virus,2016-07-25T00:00:00Z,GU434109,2006-01-01,Seychelles,Africa,Homo sapiens,Human,1269,East-Central-South-African,ECSA,2006-01-01
37124.4706,Chikungunya virus PM200916,Chikungunya virus,2012-07-14T00:00:00Z,JQ943710,2009-01-01,Senegal,Africa,mosquito,Mosquito,1293,West African,WA,2009-01-01
37124.4709,Chikungunya virus PM201651,Chikungunya virus,2012-07-14T00:00:00Z,JQ943711,2009-01-01,Senegal,Africa,mosquito,Mosquito,1293,West African,WA,2009-01-01
37124.471,Chikungunya virus L2,Chikungunya virus,2015-12-08T00:00:00Z,KF283986,2005-01-01,Comoros,Africa,Homo sapiens,Human,11537,East-Central-South-African,ECSA,2005-01-01
37124.471,Chikungunya virus BNI1463,Chikungunya virus,2016-07-25T00:00:00Z,GU434110,2006-01-01,Mauritius,Africa,Homo sapiens,Human,1269,East-Central-South-African,ECSA,2006-01-01
37124.4711,Chikungunya virus PM201800,Chikungunya virus,2012-07-14T00:00:00Z,JQ943712,2009-01-01,Senegal,Africa,mosquito,Mosquito,1317,West African,WA,2009-01-01
37124.4713,Chikungunya virus BNI4590,Chikungunya virus,2016-07-25T00:00:00Z,GU434111,2006-01-01,Mauritius,Africa,Homo sapiens,Human,1269,East-Central-South-African,ECSA,2006-01-01
37124.4714,Chikungunya virus BNI2998,Chikungunya virus,2016-07-25T00:00:00Z,GU434112,2006-01-01,Mauritius,Africa,Homo sapiens,Human,1269,East-Central-South-African,ECSA,2006-01-01
37124.4715,Chikungunya virus K006709,Chikungunya virus,2012-07-14T00:00:00Z,JQ943713,2009-01-01,Senegal,Africa,Homo sapiens,Human,1311,West African,WA,2009-01-01
37124.4716,Chikungunya virus K003809,Chikungunya virus,2012-07-14T00:00:00Z,JQ943715,2009-01-01,Senegal,Africa,Homo sapiens,Human,1254,West African,WA,2009-01-01
37124.4721,Chikungunya virus N009309,Chikungunya virus,2012-07-14T00:00:00Z,JQ943716,2009-01-01,Senegal,Africa,Homo sapiens,Human,1284,West African,WA,2009-01-01
37124.4722,Chikungunya virus Ke005609,Chikungunya virus,2012-07-14T00:00:00Z,JQ943717,2009-01-01,Senegal,Africa,Homo sapiens,Human,1242,West African,WA,2009-01-01
37124.4726,Chikungunya virus K007909,Chikungunya virus,2012-07-14T00:00:00Z,JQ943718,2009-01-01,Senegal,Africa,Homo sapiens,Human,1245,West African,WA,2009-01-01
37124.473,Chikungunya virus B014309,Chikungunya virus,2012-07-14T00:00:00Z,JQ943719,2009-01-01,Senegal,Africa,Homo sapiens,Human,1242,West African,WA,2009-01-01
37124.4731,Chikungunya virus B013909,Chikungunya virus,2012-07-14T00:00:00Z,JQ943720,2009-01-01,Senegal,Africa,Homo sapiens,Human,1233,West African,WA,2009-01-01
37124.4738,Chikungunya virus GA_CHIKV,Chikungunya virus,2012-11-05T00:00:00Z,JX080286,2007-01-01,Gabon,Africa,Homo sapiens,Human,688,East-Central-South-African,ECSA,2007-01-01
37124.474,Chikungunya virus S7,Chikungunya virus,2015-12-08T00:00:00Z,KF283987,2005-01-01,Comoros,Africa,Homo sapiens,Human,11712,East-Central-South-African,ECSA,2005-01-01
37124.474,Chikungunya virus GA12-1,Chikungunya virus,2012-11-05T00:00:00Z,JX080287,2010-01-01,Gabon,Africa,Homo sapiens,Human,691,East-Central-South-African,ECSA,2010-01-01
37124.4741,Chikungunya virus GA3-18,Chikungunya virus,2012-11-05T00:00:00Z,JX080288,2010-01-01,Gabon,Africa,Homo sapiens,Human,691,East-Central-South-African,ECSA,2010-01-01
37124.477,Chikungunya virus CHIKV/PNRCNG/LNSP_INMI1-2019,Chikungunya virus,2019-08-28T00:00:00Z,MK935343,2019-03-20,Republic of the Congo,,Homo sapiens,Human,11434,East-Central-South-African,ECSA,2019-03-20
37124.48,Chikungunya virus CHIKV/PNRCNG/LNSP_INMI2-2019,Chikungunya virus,2019-08-28T00:00:00Z,MK935344,2019-03-05,Republic of the Congo,,Homo sapiens,Human,11787,East-Central-South-African,ECSA,2019-03-05
37124.4908,Chikungunya virus CHIKV/Aedes furcifer/SEN/37937/1983,Chikungunya virus,2016-10-12T00:00:00Z,KX262986,1983-01-01,Senegal,Africa,Aedes furcifer,Mosquito,11707,West African,WA,1983-01-01
37124.4943,Chikungunya virus CHIKV/Aedes furcifer/SEN/37950/1983,Chikungunya virus,2016-10-12T00:00:00Z,KX262995,1983-07-10,Senegal,Africa,Aedes furcifer,Mosquito,11715,West African,WA,1983-07-10
37124.4947,Chikungunya virus CHIKV/Homo sapiens/CMR/667/2006,Chikungunya virus,2016-10-12T00:00:00Z,KX262996,2006-01-01,Cameroon,Africa,Homo sapiens,Human,11570,East-Central-South-African,ECSA,2006-01-01
37124.5015,Chikungunya virus Chikungunya virus/A.aegypti-wt/Comoros/2005/Com125,Chikungunya virus,2019-07-23T00:00:00Z,MK028836,2005-01-01,Comoros,Africa,Aedes aegypti,Yellow fever mosquito,11839,East-Central-South-African,ECSA,2005-01-01
37124.502,Chikungunya virus Chikungunya virus/A.furcifer-wt/Senegal/1983/37997,Chikungunya virus,2019-07-23T00:00:00Z,MK028837,1983-01-01,Senegal,Africa,Aedes furcifer,Mosquito,12197,West African,WA,1983-01-01
37124.508,Chikungunya virus CHIKV_2014_Angola,Chikungunya virus,2014-10-30T00:00:00Z,AB908054,2014-01-14,Angola,Africa,Homo sapiens,Human,292,Could not assign,Unassigned,2014-01-14
37124.516,Chikungunya virus 19CG01,Chikungunya virus,2020-02-04T00:00:00Z,MN022226,2019-01-19,Republic of the Congo,,Homo sapiens,Human,511,East-Central-South-African,ECSA,2019-01-19
37124.517,Chikungunya virus 19CG08,Chikungunya virus,2020-02-04T00:00:00Z,MN022227,2019-01-19,Republic of the Congo,,Homo sapiens,Human,511,East-Central-South-African,ECSA,2019-01-19
37124.52,Chikungunya virus 19CG59,Chikungunya virus,2020-02-04T00:00:00Z,MN022228,2019-01-25,Republic of the Congo,,Homo sapiens,Human,511,East-Central-South-African,ECSA,2019-01-25
37124.523,Chikungunya virus 19CG68,Chikungunya virus,2020-02-04T00:00:00Z,MN022229,2019-01-25,Republic of the Congo,,Homo sapiens,Human,511,East-Central-South-African,ECSA,2019-01-25
37124.526,Chikungunya virus 19CG75,Chikungunya virus,2020-02-04T00:00:00Z,MN022230,2019-01-25,Republic of the Congo,,Homo sapiens,Human,511,East-Central-South-African,ECSA,2019-01-25
37124.528,Chikungunya virus 19CG94,Chikungunya virus,2020-02-04T00:00:00Z,MN022231,2019-02-05,Republic of the Congo,,Homo sapiens,Human,511,East-Central-South-African,ECSA,2019-02-05
37124.532,Chikungunya virus 19CG103,Chikungunya virus,2020-02-04T00:00:00Z,MN022232,2019-02-19,Republic of the Congo,,Homo sapiens,Human,511,East-Central-South-African,ECSA,2019-02-19
37124.5356,Chikungunya virus ArB6445,Chikungunya virus,2017-03-23T00:00:00Z,KY038946,1975-06-01,Central African Republic,Africa,Aedes opok,,11805,East-Central-South-African,ECSA,1975-06-01
37124.5358,Chikungunya virus HB84P07,Chikungunya virus,2017-03-23T00:00:00Z,KY038947,1983-12-01,Central African Republic,Africa,Homo sapiens,Human,11786,East-Central-South-African,ECSA,1983-12-01
37124.5373,Chikungunya virus TM25,Chikungunya virus,2008-08-01T00:00:00Z,EU564334,2006-02-14,Mauritius,Africa,Homo sapiens,Human,11772,East-Central-South-African,ECSA,2006-02-14
37124.538,Chikungunya virus 19CG01,Chikungunya virus,2020-02-04T00:00:00Z,MN022233,2019-01-19,Republic of the Congo,,Homo sapiens,Human,608,East-Central-South-African,ECSA,2019-01-19
37124.541,Chikungunya virus 19CG08,Chikungunya virus,2020-02-04T00:00:00Z,MN022234,2019-01-19,Republic of the Congo,,Homo sapiens,Human,608,East-Central-South-African,ECSA,2019-01-19
37124.5456,Chikungunya virus DakAr B 16878,Chikungunya virus,2010-12-28T00:00:00Z,HM045784,1984-11-19,Central African Republic,Africa,Anopheles (Ceilia) funestus,Mosquito,11772,East-Central-South-African,ECSA,1984-11-19
37124.546,Chikungunya virus 19CG59,Chikungunya virus,2020-02-04T00:00:00Z,MN022235,2019-01-25,Republic of the Congo,,Homo sapiens,Human,608,East-Central-South-African,ECSA,2019-01-25
37124.546,Chikungunya virus PM2951,Chikungunya virus,2010-12-28T00:00:00Z,HM045785,1966-11-01,Senegal,Africa,Aedes aegypti,Yellow fever mosquito,11844,West African,WA,1966-11-01
37124.5462,Chikungunya virus IbH35,Chikungunya virus,2010-12-28T00:00:00Z,HM045786,1964-07-07,Nigeria,Africa,Homo sapiens,Human,11844,West African,WA,1964-07-07
37124.548,Chikungunya virus 19CG68,Chikungunya virus,2020-02-04T00:00:00Z,MN022236,2019-01-25,Republic of the Congo,,Homo sapiens,Human,608,East-Central-South-African,ECSA,2019-01-25
37124.5482,Chikungunya virus Vereeniging,Chikungunya virus,2010-12-28T00:00:00Z,HM045792,1956-04-01,South Africa,Africa,Homo sapiens,Human,11836,East-Central-South-African,ECSA,1956-04-01
37124.5484,Chikungunya virus CAR256,Chikungunya virus,2010-12-28T00:00:00Z,HM045793,,Central African Republic,Africa,,,11767,East-Central-South-African,ECSA,
37124.5492,Chikungunya virus SAH2123,Chikungunya virus,2010-12-28T00:00:00Z,HM045795,1976-01-01,South Africa,Africa,Homo sapiens,Human,11693,East-Central-South-African,ECSA,1976-01-01
37124.5504,Chikungunya virus SH2830,Chikungunya virus,2010-12-28T00:00:00Z,HM045798,1966-11-01,Senegal,Africa,Homo sapiens,Human,11832,West African,WA,1966-11-01
37124.5526,Chikungunya virus IPD/A SH 2807,Chikungunya virus,2010-12-28T00:00:00Z,HM045804,,Senegal,Africa,Homo sapiens,Human,11847,West African,WA,
37124.5529,Chikungunya virus AR 18211,Chikungunya virus,2010-12-28T00:00:00Z,HM045805,1976-01-01,South Africa,Africa,Aedes furcifer,Mosquito,11686,East-Central-South-African,ECSA,1976-01-01
37124.5537,Chikungunya virus IbAn4824,Chikungunya virus,2010-12-28T00:00:00Z,HM045807,1965-04-13,Nigeria,Africa,sentinel mouse,Mouse,11843,West African,WA,1965-04-13
37124.554,Chikungunya virus 19CG75,Chikungunya virus,2020-02-04T00:00:00Z,MN022237,2019-01-25,Republic of the Congo,,Homo sapiens,Human,608,East-Central-South-African,ECSA,2019-01-25
37124.5544,Chikungunya virus PHE-2018-Ex-Sudan,Chikungunya virus,2019-12-11T00:00:00Z,MK163628,2018-10-01,Sudan,Africa,Homo sapiens,Human,11508,East-Central-South-African,ECSA,2018-10-01
37124.5545,Chikungunya virus LSFS,Chikungunya virus,2010-12-28T00:00:00Z,HM045809,1960-01-01,Democratic Republic of the Congo,Africa,Homo sapiens,Human,11753,East-Central-South-African,ECSA,1960-01-01
37124.5551,Chikungunya virus Ross low-psg,Chikungunya virus,2010-12-28T00:00:00Z,HM045811,1953-02-22,Tanzania,Africa,Homo sapiens,Human,11775,East-Central-South-African,ECSA,1953-02-22
37124.5555,Chikungunya virus UgAg4155,Chikungunya virus,2010-12-28T00:00:00Z,HM045812,1982-01-01,Uganda,Africa,Homo sapiens,Human,11774,East-Central-South-African,ECSA,1982-01-01
37124.556,Chikungunya virus 19CG94,Chikungunya virus,2020-02-04T00:00:00Z,MN022238,2019-02-05,Republic of the Congo,,Homo sapiens,Human,608,East-Central-South-African,ECSA,2019-02-05
37124.5564,Chikungunya virus ArD 30237,Chikungunya virus,2010-12-28T00:00:00Z,HM045815,1979-02-01,Senegal,Africa,Aedes luteocephalus,Mosquito,11823,West African,WA,1979-02-01
37124.5566,Chikungunya virus SH 3013,Chikungunya virus,2010-12-28T00:00:00Z,HM045816,1966-11-23,Senegal,Africa,Homo sapiens,Human,11823,West African,WA,1966-11-23
37124.5569,Chikungunya virus HD 180760,Chikungunya virus,2010-12-28T00:00:00Z,HM045817,2005-11-01,Senegal,Africa,Homo sapiens,Human,11832,West African,WA,2005-11-01
37124.5576,Chikungunya virus ArD 93229,Chikungunya virus,2010-12-28T00:00:00Z,HM045819,1993-02-01,Senegal,Africa,Aedes dalzieli,Mosquito,11860,West African,WA,1993-02-01
37124.5583,Chikungunya virus A301,Chikungunya virus,2010-12-28T00:00:00Z,HM045821,1963-03-20,Senegal,Africa,Chiroptera,,11823,East-Central-South-African,ECSA,1963-03-20
37124.5588,Chikungunya virus HB78,Chikungunya virus,2010-12-28T00:00:00Z,HM045822,1978-10-01,Central African Republic,Africa,Homo sapiens,Human,11753,East-Central-South-African,ECSA,1978-10-01
37124.5592,Chikungunya virus Angola M2022,Chikungunya virus,2010-12-28T00:00:00Z,HM045823,1962-01-01,Angola,Africa,,,11754,East-Central-South-African,ECSA,1962-01-01
37124.56,Chikungunya virus 19CG103,Chikungunya virus,2020-02-04T00:00:00Z,MN022239,2019-02-19,Republic of the Congo,,Homo sapiens,Human,608,East-Central-South-African,ECSA,2019-02-19
37124.5657,Chikungunya virus PREDICT_GVF-CM-ECO50751,Chikungunya virus,2020-02-24T00:00:00Z,MK355076,2010-01-28,Cameroon,Africa,Papio hamadryas,hamadryas baboon,134,Could not assign,Unassigned,2010-01-28
37124.5758,Chikungunya virus DRC_2019_MAT011_AALBF,Chikungunya virus,2020-08-24T00:00:00Z,MT636922,2019-03-22,Democratic Republic of the Congo,Africa,Aedes albopictus,Asian tiger mosquito,11531,East-Central-South-African,ECSA,2019-03-22
37124.5759,Chikungunya virus DRC_2019_MAT005_AALBM,Chikungunya virus,2020-08-24T00:00:00Z,MT636920,2019-03-21,Democratic Republic of the Congo,Africa,Aedes albopictus,Asian tiger mosquito,11531,East-Central-South-African,ECSA,2019-03-21
37124.5792,Chikungunya virus K006809,Chikungunya virus,2012-07-14T00:00:00Z,JQ943714,2009-01-01,Senegal,Africa,Homo sapiens,Human,1245,West African,WA,2009-01-01
37124.5858,Chikungunya virus CHIKV/Sudan337/2018,Chikungunya virus,2021-05-11T00:00:00Z,MW161460,2018-10-01,Sudan,Africa,Homo sapiens,Human,10843,East-Central-South-African,ECSA,2018-10-01
37124.5859,Chikungunya virus CHIKV/Sudan336/2018,Chikungunya virus,2021-05-11T00:00:00Z,MW161459,2018-10-01,Sudan,Africa,Homo sapiens,Human,10670,East-Central-South-African,ECSA,2018-10-01
37124.586,Chikungunya virus CHIKV/Sudan333/2018,Chikungunya virus,2021-05-11T00:00:00Z,MW161458,2018-10-01,Sudan,Africa,Homo sapiens,Human,11065,East-Central-South-African,ECSA,2018-10-01
37124.5861,Chikungunya virus CHIKV/Sudan332/2018,Chikungunya virus,2021-05-11T00:00:00Z,MW161457,2018-10-01,Sudan,Africa,Homo sapiens,Human,11088,East-Central-South-African,ECSA,2018-10-01
37124.5862,Chikungunya virus CHIKV/Sudan331/2018,Chikungunya virus,2021-05-11T00:00:00Z,MW161456,2018-10-01,Sudan,Africa,Homo sapiens,Human,10937,East-Central-South-African,ECSA,2018-10-01
37124.5863,Chikungunya virus CHIKV/Sudan330/2018,Chikungunya virus,2021-05-11T00:00:00Z,MW161455,2018-10-01,Sudan,Africa,Homo sapiens,Human,10965,East-Central-South-African,ECSA,2018-10-01
37124.5864,Chikungunya virus CHIKV/Sudan328/2018,Chikungunya virus,2021-05-11T00:00:00Z,MW161454,2018-10-01,Sudan,Africa,Homo sapiens,Human,10895,East-Central-South-African,ECSA,2018-10-01
37124.5865,Chikungunya virus CHIKV/Sudan327/2018,Chikungunya virus,2021-05-11T00:00:00Z,MW161453,2018-10-01,Sudan,Africa,Homo sapiens,Human,10924,East-Central-South-African,ECSA,2018-10-01
37124.5866,Chikungunya virus CHIKV/Sudan326/2018,Chikungunya virus,2021-05-11T00:00:00Z,MW161452,2018-10-01,Sudan,Africa,Homo sapiens,Human,10859,East-Central-South-African,ECSA,2018-10-01
37124.5867,Chikungunya virus CHIKV/Sudan324/2018,Chikungunya virus,2021-05-11T00:00:00Z,MW161451,2018-10-01,Sudan,Africa,Homo sapiens,Human,10909,East-Central-South-African,ECSA,2018-10-01
37124.5868,Chikungunya virus CHIKV/Sudan322/2018,Chikungunya virus,2021-05-11T00:00:00Z,MW161450,2018-10-01,Sudan,Africa,Homo sapiens,Human,11008,East-Central-South-African,ECSA,2018-10-01
37124.5869,Chikungunya virus CHIKV/Sudan319/2018,Chikungunya virus,2021-05-11T00:00:00Z,MW161449,2018-10-01,Sudan,Africa,Homo sapiens,Human,11023,East-Central-South-African,ECSA,2018-10-01
37124.587,Chikungunya virus CHIKV/Sudan318/2018,Chikungunya virus,2021-05-11T00:00:00Z,MW161448,2018-10-01,Sudan,Africa,Homo sapiens,Human,11086,East-Central-South-African,ECSA,2018-10-01
37124.5871,Chikungunya virus CHIKV/Sudan316/2018,Chikungunya virus,2021-05-11T00:00:00Z,MW161447,2018-10-01,Sudan,Africa,Homo sapiens,Human,11026,East-Central-South-African,ECSA,2018-10-01
37124.5872,Chikungunya virus CHIKV/Sudan315/2018,Chikungunya virus,2021-05-11T00:00:00Z,MW161446,2018-10-01,Sudan,Africa,Homo sapiens,Human,10669,East-Central-South-African,ECSA,2018-10-01
37124.5873,Chikungunya virus CHIKV/Sudan312/2018,Chikungunya virus,2021-05-11T00:00:00Z,MW161445,2018-10-01,Sudan,Africa,Homo sapiens,Human,10070,East-Central-South-African,ECSA,2018-10-01
37124.5874,Chikungunya virus CHIKV/Sudan310/2018,Chikungunya virus,2021-05-11T00:00:00Z,MW161444,2018-10-01,Sudan,Africa,Homo sapiens,Human,10624,East-Central-South-African,ECSA,2018-10-01
37124.5875,Chikungunya virus CHIKV/Sudan309/2018,Chikungunya virus,2021-05-11T00:00:00Z,MW161443,2018-10-01,Sudan,Africa,Homo sapiens,Human,10783,East-Central-South-African,ECSA,2018-10-01
37124.5876,Chikungunya virus CHIKV/Sudan199/2018,Chikungunya virus,2021-05-11T00:00:00Z,MW161442,2018-10-01,Sudan,Africa,Homo sapiens,Human,10922,East-Central-South-African,ECSA,2018-10-01
37124.5877,Chikungunya virus CHIKV/Sudan196/2018,Chikungunya virus,2021-05-11T00:00:00Z,MW161441,2018-10-01,Sudan,Africa,Homo sapiens,Human,11235,East-Central-South-African,ECSA,2018-10-01
37124.5878,Chikungunya virus CHIKV/Sudan195/2018,Chikungunya virus,2021-05-11T00:00:00Z,MW161440,2018-10-01,Sudan,Africa,Homo sapiens,Human,11220,East-Central-South-African,ECSA,2018-10-01
37124.5879,Chikungunya virus CHIKV/Sudan189/2018,Chikungunya virus,2021-05-11T00:00:00Z,MW161439,2018-10-01,Sudan,Africa,Homo sapiens,Human,10525,East-Central-South-African,ECSA,2018-10-01
37124.588,Chikungunya virus CHIKV/Sudan183/2018,Chikungunya virus,2021-05-11T00:00:00Z,MW161438,2018-10-01,Sudan,Africa,Homo sapiens,Human,10696,East-Central-South-African,ECSA,2018-10-01
37124.5881,Chikungunya virus CHIKV/Sudan182/2018,Chikungunya virus,2021-05-11T00:00:00Z,MW161437,2018-10-01,Sudan,Africa,Homo sapiens,Human,11083,East-Central-South-African,ECSA,2018-10-01
37124.5882,Chikungunya virus CHIKV/Sudan180/2018,Chikungunya virus,2021-05-11T00:00:00Z,MW161436,2018-10-01,Sudan,Africa,Homo sapiens,Human,10984,East-Central-South-African,ECSA,2018-10-01
37124.5883,Chikungunya virus CHIKV/Sudan178/2018,Chikungunya virus,2021-05-11T00:00:00Z,MW161435,2018-10-01,Sudan,Africa,Homo sapiens,Human,11035,East-Central-South-African,ECSA,2018-10-01
37124.5884,Chikungunya virus CHIKV/Sudan172/2018,Chikungunya virus,2021-05-11T00:00:00Z,MW161434,2018-10-01,Sudan,Africa,Homo sapiens,Human,10909,East-Central-South-African,ECSA,2018-10-01
37124.5885,Chikungunya virus CHIKV/Sudan166/2018,Chikungunya virus,2021-05-11T00:00:00Z,MW161433,2018-10-01,Sudan,Africa,Homo sapiens,Human,11065,East-Central-South-African,ECSA,2018-10-01
37124.5886,Chikungunya virus CHIKV/Sudan162/2018,Chikungunya virus,2021-05-11T00:00:00Z,MW161432,2018-10-01,Sudan,Africa,Homo sapiens,Human,10660,East-Central-South-African,ECSA,2018-10-01
37124.5887,Chikungunya virus CHIKV/Sudan159/2018,Chikungunya virus,2021-05-11T00:00:00Z,MW161431,2018-10-01,Sudan,Africa,Homo sapiens,Human,11229,East-Central-South-African,ECSA,2018-10-01
37124.5888,Chikungunya virus CHIKV/Sudan156/2018,Chikungunya virus,2021-05-11T00:00:00Z,MW161430,2018-10-01,Sudan,Africa,Homo sapiens,Human,10974,East-Central-South-African,ECSA,2018-10-01
37124.5889,Chikungunya virus CHIKV/Sudan155/2018,Chikungunya virus,2021-05-11T00:00:00Z,MW161429,2018-10-01,Sudan,Africa,Homo sapiens,Human,11029,East-Central-South-African,ECSA,2018-10-01
37124.589,Chikungunya virus CHIKV/Sudan143/2018,Chikungunya virus,2021-05-11T00:00:00Z,MW161428,2018-10-01,Sudan,Africa,Homo sapiens,Human,10612,East-Central-South-African,ECSA,2018-10-01
37124.5891,Chikungunya virus CHIKV/Sudan142/2018,Chikungunya virus,2021-05-11T00:00:00Z,MW161427,2018-10-01,Sudan,Africa,Homo sapiens,Human,10669,East-Central-South-African,ECSA,2018-10-01
37124.5892,Chikungunya virus CHIKV/Sudan140/2018,Chikungunya virus,2021-05-11T00:00:00Z,MW161426,2018-10-01,Sudan,Africa,Homo sapiens,Human,9643,East-Central-South-African,ECSA,2018-10-01
37124.5893,Chikungunya virus CHIKV/Sudan139/2018,Chikungunya virus,2021-05-11T00:00:00Z,MW161425,2018-10-01,Sudan,Africa,Homo sapiens,Human,10418,East-Central-South-African,ECSA,2018-10-01
37124.5894,Chikungunya virus CHIKV/Sudan138/2018,Chikungunya virus,2021-05-11T00:00:00Z,MW161424,2018-10-01,Sudan,Africa,Homo sapiens,Human,9100,East-Central-South-African,ECSA,2018-10-01
37124.5895,Chikungunya virus CHIKV/Sudan200/2018,Chikungunya virus,2021-05-11T00:00:00Z,MW161423,2018-10-01,Sudan,Africa,Homo sapiens,Human,10307,East-Central-South-African,ECSA,2018-10-01
37124.5896,Chikungunya virus CHIKV/Sudan129/2018,Chikungunya virus,2021-05-11T00:00:00Z,MW161422,2018-10-01,Sudan,Africa,Homo sapiens,Human,10660,East-Central-South-African,ECSA,2018-10-01
37124.5897,Chikungunya virus CHIKV/Sudan123/2018,Chikungunya virus,2021-05-11T00:00:00Z,MW161421,2018-10-01,Sudan,Africa,Homo sapiens,Human,10552,East-Central-South-African,ECSA,2018-10-01
37124.5898,Chikungunya virus CHIKV/Sudan338/2018,Chikungunya virus,2021-05-11T00:00:00Z,MW161420,2018-10-01,Sudan,Africa,Homo sapiens,Human,10895,East-Central-South-African,ECSA,2018-10-01
37124.5899,Chikungunya virus CHIKV/Sudan335/2018,Chikungunya virus,2021-05-11T00:00:00Z,MW161419,2018-10-01,Sudan,Africa,Homo sapiens,Human,11237,East-Central-South-African,ECSA,2018-10-01
37124.59,Chikungunya virus CHIKV/Sudan334/2018,Chikungunya virus,2021-05-11T00:00:00Z,MW161418,2018-10-01,Sudan,Africa,Homo sapiens,Human,11237,East-Central-South-African,ECSA,2018-10-01
37124.5901,Chikungunya virus CHIKV/Sudan329/2018,Chikungunya virus,2021-05-11T00:00:00Z,MW161417,2018-10-01,Sudan,Africa,Homo sapiens,Human,10634,East-Central-South-African,ECSA,2018-10-01
37124.5902,Chikungunya virus CHIKV/Sudan325/2018,Chikungunya virus,2021-05-11T00:00:00Z,MW161416,2018-10-01,Sudan,Africa,Homo sapiens,Human,10978,East-Central-South-African,ECSA,2018-10-01
37124.5903,Chikungunya virus CHIKV/Sudan323/2018,Chikungunya virus,2021-05-11T00:00:00Z,MW161415,2018-10-01,Sudan,Africa,Homo sapiens,Human,11237,East-Central-South-African,ECSA,2018-10-01
37124.5904,Chikungunya virus CHIKV/Sudan321/2018,Chikungunya virus,2021-05-11T00:00:00Z,MW161414,2018-10-01,Sudan,Africa,Homo sapiens,Human,11237,East-Central-South-African,ECSA,2018-10-01
37124.5905,Chikungunya virus CHIKV/Sudan317/2018,Chikungunya virus,2021-05-11T00:00:00Z,MW161413,2018-10-01,Sudan,Africa,Homo sapiens,Human,11237,East-Central-South-African,ECSA,2018-10-01
37124.5906,Chikungunya virus CHIKV/Sudan320/2018,Chikungunya virus,2021-05-11T00:00:00Z,MW161412,2018-10-01,Sudan,Africa,Homo sapiens,Human,11073,East-Central-South-African,ECSA,2018-10-01
37124.5907,Chikungunya virus CHIKV/Sudan314/2018,Chikungunya virus,2021-05-11T00:00:00Z,MW161411,2018-10-01,Sudan,Africa,Homo sapiens,Human,11237,East-Central-South-African,ECSA,2018-10-01
37124.5908,Chikungunya virus CHIKV/Sudan313/2018,Chikungunya virus,2021-05-11T00:00:00Z,MW161410,2018-10-01,Sudan,Africa,Homo sapiens,Human,11237,East-Central-South-African,ECSA,2018-10-01
37124.5909,Chikungunya virus CHIKV/Sudan311/2018,Chikungunya virus,2021-05-11T00:00:00Z,MW161409,2018-10-01,Sudan,Africa,Homo sapiens,Human,10533,East-Central-South-African,ECSA,2018-10-01
37124.591,Chikungunya virus CHIKV/Sudan308/2018,Chikungunya virus,2021-05-11T00:00:00Z,MW161408,2018-10-01,Sudan,Africa,Homo sapiens,Human,11024,East-Central-South-African,ECSA,2018-10-01
37124.5911,Chikungunya virus CHIKV/Sudan307/2018,Chikungunya virus,2021-05-11T00:00:00Z,MW161407,2018-10-01,Sudan,Africa,Homo sapiens,Human,11237,East-Central-South-African,ECSA,2018-10-01
37124.5912,Chikungunya virus CHIKV/Sudan306/2018,Chikungunya virus,2021-05-11T00:00:00Z,MW161406,2018-10-01,Sudan,Africa,Homo sapiens,Human,11237,East-Central-South-African,ECSA,2018-10-01
37124.5913,Chikungunya virus CHIKV/Sudan305/2018,Chikungunya virus,2021-05-11T00:00:00Z,MW161405,2018-10-01,Sudan,Africa,Homo sapiens,Human,11170,East-Central-South-African,ECSA,2018-10-01
37124.5914,Chikungunya virus CHIKV/Sudan201/2018,Chikungunya virus,2021-05-11T00:00:00Z,MW161404,2018-10-01,Sudan,Africa,Homo sapiens,Human,10946,East-Central-South-African,ECSA,2018-10-01
37124.5915,Chikungunya virus CHIKV/Sudan186/2018,Chikungunya virus,2021-05-11T00:00:00Z,MW161403,2018-10-01,Sudan,Africa,Homo sapiens,Human,11237,East-Central-South-African,ECSA,2018-10-01
37124.5916,Chikungunya virus CHIKV/Sudan184/2018,Chikungunya virus,2021-05-11T00:00:00Z,MW161402,2018-10-01,Sudan,Africa,Homo sapiens,Human,11051,East-Central-South-African,ECSA,2018-10-01
37124.5917,Chikungunya virus CHIKV/Sudan181/2018,Chikungunya virus,2021-05-11T00:00:00Z,MW161401,2018-10-01,Sudan,Africa,Homo sapiens,Human,11237,East-Central-South-African,ECSA,2018-10-01
37124.5918,Chikungunya virus CHIKV/Sudan179/2018,Chikungunya virus,2021-05-11T00:00:00Z,MW161400,2018-10-01,Sudan,Africa,Homo sapiens,Human,11096,East-Central-South-African,ECSA,2018-10-01
37124.5919,Chikungunya virus CHIKV/Sudan177/2018,Chikungunya virus,2021-05-11T00:00:00Z,MW161399,2018-10-01,Sudan,Africa,Homo sapiens,Human,11087,East-Central-South-African,ECSA,2018-10-01
37124.592,Chikungunya virus CHIKV/Sudan176/2018,Chikungunya virus,2021-05-11T00:00:00Z,MW161398,2018-10-01,Sudan,Africa,Homo sapiens,Human,10780,East-Central-South-African,ECSA,2018-10-01
37124.5921,Chikungunya virus CHIKV/Sudan175/2018,Chikungunya virus,2021-05-11T00:00:00Z,MW161397,2018-10-01,Sudan,Africa,Homo sapiens,Human,11018,East-Central-South-African,ECSA,2018-10-01
37124.5922,Chikungunya virus CHIKV/Sudan174/2018,Chikungunya virus,2021-05-11T00:00:00Z,MW161396,2018-10-01,Sudan,Africa,Homo sapiens,Human,11084,East-Central-South-African,ECSA,2018-10-01
37124.5923,Chikungunya virus CHIKV/Sudan173/2018,Chikungunya virus,2021-05-11T00:00:00Z,MW161395,2018-10-01,Sudan,Africa,Homo sapiens,Human,10853,East-Central-South-African,ECSA,2018-10-01
37124.5924,Chikungunya virus CHIKV/Sudan171/2018,Chikungunya virus,2021-05-11T00:00:00Z,MW161394,2018-10-01,Sudan,Africa,Homo sapiens,Human,10094,East-Central-South-African,ECSA,2018-10-01
37124.5925,Chikungunya virus CHIKV/Sudan170/2018,Chikungunya virus,2021-05-11T00:00:00Z,MW161393,2018-10-01,Sudan,Africa,Homo sapiens,Human,9448,East-Central-South-African,ECSA,2018-10-01
37124.5926,Chikungunya virus CHIKV/Sudan167/2018,Chikungunya virus,2021-05-11T00:00:00Z,MW161392,2018-10-01,Sudan,Africa,Homo sapiens,Human,11237,East-Central-South-African,ECSA,2018-10-01
37124.5927,Chikungunya virus CHIKV/Sudan165/2018,Chikungunya virus,2021-05-11T00:00:00Z,MW161391,2018-10-01,Sudan,Africa,Homo sapiens,Human,10661,East-Central-South-African,ECSA,2018-10-01
37124.5928,Chikungunya virus CHIKV/Sudan163/2018,Chikungunya virus,2021-05-11T00:00:00Z,MW161390,2018-10-01,Sudan,Africa,Homo sapiens,Human,10475,East-Central-South-African,ECSA,2018-10-01
37124.5929,Chikungunya virus CHIKV/Sudan161/2018,Chikungunya virus,2021-05-11T00:00:00Z,MW161389,2018-10-01,Sudan,Africa,Homo sapiens,Human,11237,East-Central-South-African,ECSA,2018-10-01
37124.593,Chikungunya virus CHIKV/Sudan160/2018,Chikungunya virus,2021-05-11T00:00:00Z,MW161388,2018-10-01,Sudan,Africa,Homo sapiens,Human,11237,East-Central-South-African,ECSA,2018-10-01
37124.5931,Chikungunya virus CHIKV/Sudan157/2018,Chikungunya virus,2021-05-11T00:00:00Z,MW161387,2018-10-01,Sudan,Africa,Homo sapiens,Human,11237,East-Central-South-African,ECSA,2018-10-01
37124.5932,Chikungunya virus CHIKV/Sudan154/2018,Chikungunya virus,2021-05-11T00:00:00Z,MW161386,2018-10-01,Sudan,Africa,Homo sapiens,Human,10991,East-Central-South-African,ECSA,2018-10-01
37124.5933,Chikungunya virus CHIKV/Sudan153/2018,Chikungunya virus,2021-05-11T00:00:00Z,MW161385,2018-10-01,Sudan,Africa,Homo sapiens,Human,11237,East-Central-South-African,ECSA,2018-10-01
37124.5934,Chikungunya virus CHIKV/Sudan152/2018,Chikungunya virus,2021-05-11T00:00:00Z,MW161384,2018-10-01,Sudan,Africa,Homo sapiens,Human,11237,East-Central-South-African,ECSA,2018-10-01
37124.5935,Chikungunya virus CHIKV/Sudan151/2018,Chikungunya virus,2021-05-11T00:00:00Z,MW161383,2018-10-01,Sudan,Africa,Homo sapiens,Human,11237,East-Central-South-African,ECSA,2018-10-01
37124.5936,Chikungunya virus CHIKV/Sudan150/2018,Chikungunya virus,2021-05-11T00:00:00Z,MW161382,2018-10-01,Sudan,Africa,Homo sapiens,Human,11237,East-Central-South-African,ECSA,2018-10-01
37124.5937,Chikungunya virus CHIKV/Sudan144/2018,Chikungunya virus,2021-05-11T00:00:00Z,MW161381,2018-10-01,Sudan,Africa,Homo sapiens,Human,11234,East-Central-South-African,ECSA,2018-10-01
37124.5938,Chikungunya virus CHIKV/Sudan141/2018,Chikungunya virus,2021-05-11T00:00:00Z,MW161380,2018-10-01,Sudan,Africa,Homo sapiens,Human,11237,East-Central-South-African,ECSA,2018-10-01
37124.5939,Chikungunya virus CHIKV/Sudan132/2018,Chikungunya virus,2021-05-11T00:00:00Z,MW161379,2018-10-01,Sudan,Africa,Homo sapiens,Human,10717,East-Central-South-African,ECSA,2018-10-01
37124.594,Chikungunya virus CHIKV/Sudan130/2018,Chikungunya virus,2021-05-11T00:00:00Z,MW161378,2018-10-01,Sudan,Africa,Homo sapiens,Human,10887,East-Central-South-African,ECSA,2018-10-01
37124.5941,Chikungunya virus CHIKV/Sudan128/2018,Chikungunya virus,2021-05-11T00:00:00Z,MW161377,2018-10-01,Sudan,Africa,Homo sapiens,Human,10618,East-Central-South-African,ECSA,2018-10-01
37124.5942,Chikungunya virus CHIKV/Sudan127/2018,Chikungunya virus,2021-05-11T00:00:00Z,MW161376,2018-10-01,Sudan,Africa,Homo sapiens,Human,10741,East-Central-South-African,ECSA,2018-10-01
37124.5943,Chikungunya virus CHIKV/Sudan126/2018,Chikungunya virus,2021-05-11T00:00:00Z,MW161375,2018-10-01,Sudan,Africa,Homo sapiens,Human,11237,East-Central-South-African,ECSA,2018-10-01
37124.5944,Chikungunya virus CHIKV/Sudan125/2018,Chikungunya virus,2021-05-11T00:00:00Z,MW161374,2018-10-01,Sudan,Africa,Homo sapiens,Human,9893,East-Central-South-African,ECSA,2018-10-01
37124.5945,Chikungunya virus CHIKV/Sudan124/2018,Chikungunya virus,2021-05-11T00:00:00Z,MW161373,2018-10-01,Sudan,Africa,Homo sapiens,Human,11237,East-Central-South-African,ECSA,2018-10-01
37124.5946,Chikungunya virus CHIKV/Sudan122/2018,Chikungunya virus,2021-05-11T00:00:00Z,MW161372,2018-10-01,Sudan,Africa,Homo sapiens,Human,11237,East-Central-South-African,ECSA,2018-10-01
37124.5947,Chikungunya virus CHIKV/Sudan118/2018,Chikungunya virus,2021-05-11T00:00:00Z,MW161371,2018-10-01,Sudan,Africa,Homo sapiens,Human,11084,East-Central-South-African,ECSA,2018-10-01
37124.5948,Chikungunya virus CHIKV/Sudan117/2018,Chikungunya virus,2021-05-11T00:00:00Z,MW161370,2018-10-01,Sudan,Africa,Homo sapiens,Human,11237,East-Central-South-African,ECSA,2018-10-01
37124.5949,Chikungunya virus CHIKV/Sudan116/2018,Chikungunya virus,2021-05-11T00:00:00Z,MW161369,2018-10-01,Sudan,Africa,Homo sapiens,Human,10554,East-Central-South-African,ECSA,2018-10-01
37124.595,Chikungunya virus CHIKV/Sudan114/2018,Chikungunya virus,2021-05-11T00:00:00Z,MW161368,2018-10-01,Sudan,Africa,Homo sapiens,Human,11237,East-Central-South-African,ECSA,2018-10-01
37124.5951,Chikungunya virus CHIKV/Sudan112/2018,Chikungunya virus,2021-05-11T00:00:00Z,MW161367,2018-10-01,Sudan,Africa,Homo sapiens,Human,11237,East-Central-South-African,ECSA,2018-10-01
37124.5952,Chikungunya virus CHIKV/Sudan110/2018,Chikungunya virus,2021-05-11T00:00:00Z,MW161366,2018-10-01,Sudan,Africa,Homo sapiens,Human,11237,East-Central-South-African,ECSA,2018-10-01
37124.5953,Chikungunya virus CHIKV/Sudan104/2018,Chikungunya virus,2021-05-11T00:00:00Z,MW161365,2018-10-01,Sudan,Africa,Homo sapiens,Human,11237,East-Central-South-African,ECSA,2018-10-01
37124.5954,Chikungunya virus CHIKV/Sudan103/2018,Chikungunya virus,2021-05-11T00:00:00Z,MW161364,2018-10-01,Sudan,Africa,Homo sapiens,Human,11045,East-Central-South-African,ECSA,2018-10-01
37124.5992,Chikungunya virus VH51_R_1528,Chikungunya virus,2021-03-17T00:00:00Z,MT992068,2018-01-01,Kenya,Africa,Mosquito,Mosquito,829,East-Central-South-African,ECSA,2018-01-01
37124.5993,Chikungunya virus VH50_R_1604,Chikungunya virus,2021-03-17T00:00:00Z,MT992067,2018-01-01,Kenya,Africa,Mosquito,Mosquito,829,East-Central-South-African,ECSA,2018-01-01
37124.5994,Chikungunya virus VH49_R_1869,Chikungunya virus,2021-03-17T00:00:00Z,MT992066,2018-01-01,Kenya,Africa,Mosquito,Mosquito,829,East-Central-South-African,ECSA,2018-01-01
37124.5995,Chikungunya virus CAM/2018/Mfuo,Chikungunya virus,2021-02-27T00:00:00Z,MT666073,2018-06-28,Cameroon,Africa,Homo sapiens,Human,11562,East-Central-South-African,ECSA,2018-06-28
37124.5996,Chikungunya virus CAM/2016/Yaounde,Chikungunya virus,2021-02-27T00:00:00Z,MT666072,2016-10-20,Cameroon,Africa,Homo sapiens,Human,11562,East-Central-South-African,ECSA,2016-10-20
37124.5997,Chikungunya virus CAM/2018/Yaounde,Chikungunya virus,2021-02-27T00:00:00Z,MT666071,2018-09-17,Cameroon,Africa,Homo sapiens,Human,11561,East-Central-South-African,ECSA,2018-09-17
37124.6552,Chikungunya virus 20V-14210_CHAD2020,Chikungunya virus,2021-12-27T00:00:00Z,OL692740,2020-08-10,Chad,Africa,Homo sapiens,Human,940,East-Central-South-African,ECSA,2020-08-10
37124.6553,Chikungunya virus 20V-14211_CHAD2020,Chikungunya virus,2021-12-27T00:00:00Z,OL692741,2020-08-10,Chad,Africa,Homo sapiens,Human,940,East-Central-South-African,ECSA,2020-08-10
37124.658,Chikungunya virus Ross_NH177,Chikungunya virus,2022-04-12T00:00:00Z,ON009843,1953-01-01,Tanzania,Africa,Homo sapiens,Human,11768,East-Central-South-African,ECSA,1953-01-01
37124.678,Chikungunya virus SYMAV-H0915,Chikungunya virus,2022-08-26T00:00:00Z,LC707379,2021-06-15,Gabon,Africa,Homo sapiens,Human,1295,East-Central-South-African,ECSA,2021-06-15
37124.765,Chikungunya virus ArB6445,Chikungunya virus,2015-06-18T00:00:00Z,KF925286,1975-06-16,Central African Republic,Africa,Aedes opok,,918,East-Central-South-African,ECSA,1975-06-16
37124.768,Chikungunya virus A6508,Chikungunya virus,2015-06-18T00:00:00Z,KF925287,1975-06-20,Central African Republic,Africa,Aedes africanus,Mosquito,943,East-Central-South-African,ECSA,1975-06-20
37124.77,Chikungunya virus ArB10262,Chikungunya virus,2015-06-18T00:00:00Z,KF925288,1978-08-25,Central African Republic,Africa,Aedes africanus,Mosquito,927,East-Central-South-African,ECSA,1978-08-25
37124.772,Chikungunya virus ArB10238,Chikungunya virus,2015-06-18T00:00:00Z,KF925289,1978-08-24,Central African Republic,Africa,Aedes opok,,943,East-Central-South-African,ECSA,1978-08-24
37124.777,Chikungunya virus ArB18816,Chikungunya virus,2015-06-18T00:00:00Z,KF925290,1981-08-01,Central African Republic,Africa,Aedes africanus,Mosquito,943,East-Central-South-African,ECSA,1981-08-01
37124.779,Chikungunya virus ArB18945,Chikungunya virus,2015-06-18T00:00:00Z,KF925291,1981-07-21,Central African Republic,Africa,Aedes opok,,943,East-Central-South-African,ECSA,1981-07-21
37124.782,Chikungunya virus ArB16753,Chikungunya virus,2015-06-18T00:00:00Z,KF925292,1980-11-18,Central African Republic,Africa,Aedes africanus,Mosquito,932,East-Central-South-African,ECSA,1980-11-18
37124.784,Chikungunya virus ArB20599,Chikungunya virus,2015-06-18T00:00:00Z,KF925293,1984-03-20,Central African Republic,Africa,Mansonia africana,Mosquito,945,East-Central-South-African,ECSA,1984-03-20
37124.786,Chikungunya virus ArB20636,Chikungunya virus,2015-06-18T00:00:00Z,KF925294,1984-04-24,Central African Republic,Africa,Mansonia africana,Mosquito,923,East-Central-South-African,ECSA,1984-04-24
37124.79,Chikungunya virus HB82P18,Chikungunya virus,2015-06-18T00:00:00Z,KF925295,1982-02-16,Central African Republic,Africa,Homo sapiens,Human,941,East-Central-South-African,ECSA,1982-02-16
37124.791,Chikungunya virus HB84P07,Chikungunya virus,2015-06-18T00:00:00Z,KF925296,1983-12-20,Central African Republic,Africa,Homo sapiens,Human,928,East-Central-South-African,ECSA,1983-12-20
37124.794,Chikungunya virus HB78P613,Chikungunya virus,2015-06-18T00:00:00Z,KF925297,1978-09-01,Central African Republic,Africa,Homo sapiens,Human,938,East-Central-South-African,ECSA,1978-09-01
37124.798,Chikungunya virus HB84P93,Chikungunya virus,2015-06-18T00:00:00Z,KF925298,1984-04-15,Central African Republic,Africa,Homo sapiens,Human,954,East-Central-South-African,ECSA,1984-04-15
37124.8,Chikungunya virus HB84P119,Chikungunya virus,2015-06-18T00:00:00Z,KF925299,1984-04-15,Central African Republic,Africa,Homo sapiens,Human,943,East-Central-South-African,ECSA,1984-04-15
37124.802,Chikungunya virus HB84P127,Chikungunya virus,2015-06-18T00:00:00Z,KF925300,1984-04-15,Central African Republic,Africa,Homo sapiens,Human,943,East-Central-South-African,ECSA,1984-04-15
37124.803,Chikungunya virus ArB6445,Chikungunya virus,2015-06-18T00:00:00Z,KF925301,1975-06-16,Central African Republic,Africa,Aedes opok,,718,East-Central-South-African,ECSA,1975-06-16
37124.806,Chikungunya virus A6508,Chikungunya virus,2015-06-18T00:00:00Z,KF925302,1975-06-20,Central African Republic,Africa,Aedes africanus,Mosquito,708,East-Central-South-African,ECSA,1975-06-20
37124.808,Chikungunya virus ArB10262,Chikungunya virus,2015-06-18T00:00:00Z,KF925303,1978-08-25,Central African Republic,Africa,Aedes africanus,Mosquito,708,East-Central-South-African,ECSA,1978-08-25
37124.81,Chikungunya virus ArB10238,Chikungunya virus,2015-06-18T00:00:00Z,KF925304,1978-08-24,Central African Republic,Africa,Aedes opok,,718,East-Central-South-African,ECSA,1978-08-24
37124.811,Chikungunya virus ArB18816,Chikungunya virus,2015-06-18T00:00:00Z,KF925305,1981-08-01,Central African Republic,Africa,Aedes africanus,Mosquito,713,East-Central-South-African,ECSA,1981-08-01
37124.813,Chikungunya virus ArB18945,Chikungunya virus,2015-06-18T00:00:00Z,KF925306,1981-07-21,Central African Republic,Africa,Aedes opok,,709,East-Central-South-African,ECSA,1981-07-21
37124.815,Chikungunya virus ArB16753,Chikungunya virus,2015-06-18T00:00:00Z,KF925307,1980-11-18,Central African Republic,Africa,Aedes africanus,Mosquito,716,Could not assign,Unassigned,1980-11-18
37124.817,Chikungunya virus ArB20599,Chikungunya virus,2015-06-18T00:00:00Z,KF925308,1984-03-20,Central African Republic,Africa,Mansonia africana,Mosquito,712,East-Central-South-African,ECSA,1984-03-20
37124.82,Chikungunya virus ArB20636,Chikungunya virus,2015-06-18T00:00:00Z,KF925309,1984-04-24,Central African Republic,Africa,Mansonia africana,Mosquito,700,East-Central-South-African,ECSA,1984-04-24
37124.822,Chikungunya virus HB82P18,Chikungunya virus,2015-06-18T00:00:00Z,KF925310,1982-02-16,Central African Republic,Africa,Homo sapiens,Human,716,East-Central-South-African,ECSA,1982-02-16
37124.823,Chikungunya virus HB84P07,Chikungunya virus,2015-06-18T00:00:00Z,KF925311,1983-12-20,Central African Republic,Africa,Homo sapiens,Human,716,East-Central-South-African,ECSA,1983-12-20
37124.825,Chikungunya virus HB78P613,Chikungunya virus,2015-06-18T00:00:00Z,KF925312,1978-09-01,Central African Republic,Africa,Homo sapiens,Human,712,East-Central-South-African,ECSA,1978-09-01
37124.827,Chikungunya virus HB84P93,Chikungunya virus,2015-06-18T00:00:00Z,KF925313,1984-04-15,Central African Republic,Africa,Homo sapiens,Human,713,East-Central-South-African,ECSA,1984-04-15
37124.83,Chikungunya virus HB84P119,Chikungunya virus,2015-06-18T00:00:00Z,KF925314,1984-04-15,Central African Republic,Africa,Homo sapiens,Human,718,East-Central-South-African,ECSA,1984-04-15
37124.832,Chikungunya virus HB84P127,Chikungunya virus,2015-06-18T00:00:00Z,KF925315,1984-04-15,Central African Republic,Africa,Homo sapiens,Human,707,East-Central-South-African,ECSA,1984-04-15
37124.958,Chikungunya virus S27,Chikungunya virus,2016-07-24T00:00:00Z,AF339485,,Tanzania,Africa,,,4885,East-Central-South-African,ECSA,
37124.971,Chikungunya virus 13V-2798_CHIK,Chikungunya virus,2016-01-12T00:00:00Z,KJ508819,2013-05-20,Cameroon,Africa,Homo sapiens,Human,921,East-Central-South-African,ECSA,2013-05-20
37124.974,Chikungunya virus 13V-2713_CHIK,Chikungunya virus,2016-01-12T00:00:00Z,KJ508820,2013-05-24,Cameroon,Africa,Homo sapiens,Human,921,East-Central-South-African,ECSA,2013-05-24
37124.978,Chikungunya virus 13V-2980_CHIK,Chikungunya virus,2016-01-12T00:00:00Z,KJ508821,2013-05-26,Cameroon,Africa,Homo sapiens,Human,921,East-Central-South-African,ECSA,2013-05-26
466217.3,Chikungunya virus Wuerzburg 1,Chikungunya virus,2010-08-20T00:00:00Z,EU037962,,Mauritius,Africa,,,11805,East-Central-South-African,ECSA,
